,year,GDP
0,1996,-10.0
1,1997,-3.0
2,1998,-1.9
3,1999,-0.2
4,2000,5.9
5,2001,8.8
6,2002,5.3
7,2003,9.5
8,2004,11.8
9,2005,3.1
10,2006,7.6
11,2007,8.2
12,2008,2.2
13,2009,-15.1
14,2010,4.1
15,2011,5.4
16,2012,0.2
17,2013,-0.0
18,2014,-6.6
19,2015,-9.8
20,2016,2.4
21,2017,2.5
22,2018,3.3
23,2019,3.2
24,2020,-4.0
